{
  "men": {
    "base_brier": 0.1851996021916511,
    "temperature": {
      "T": 1.0,
      "brier": 0.1851996021916511
    },
    "isotonic": {
      "brier": 0.18170811377560925
    },
    "platt": {
      "brier": 0.18520184389721964
    }
  },
  "women": {
    "base_brier": 0.13716483100241322,
    "temperature": {
      "T": 1.1,
      "brier": 0.1371519859514609
    },
    "isotonic": {
      "brier": 0.13102988332059465
    },
    "platt": {
      "brier": 0.13724328655204748
    }
  }
}