{
  "men_alpha": 0.9,
  "men_brier": 0.18506712538676864,
  "women_alpha": 0.9,
  "women_brier": 0.1369994977148014
}