{
  "men": {
    "lr": 0.18120254783481857,
    "xgb": 0.18467078721056218,
    "best_alpha_lr": 0.7,
    "best_blend_brier": 0.17846358022628364
  },
  "women": {
    "lr": 0.13692811023392473,
    "xgb": 0.1463521796843627,
    "best_alpha_lr": 1.0,
    "best_blend_brier": 0.13716483100241322
  }
}