{
  "men": {
    "best_c": 0.01,
    "best_brier": 0.18506760933341565,
    "best_clip": [
      0.03,
      0.97
    ],
    "best_clip_brier": 0.18506760933341565
  },
  "women": {
    "best_c": 0.1,
    "best_brier": 0.13692811023392473,
    "best_clip": [
      0.03,
      0.97
    ],
    "best_clip_brier": 0.13692811023392473
  }
}